skill,demand
support,508
senior,306
manager,298
engineering,298
technical,279
engineer,272
digitalnomad,255
software,245
management,230
lead,212
design,209
training,188
growth,183
financial,168
operational,164
operations,161
sales,159
nontech,150
marketing,137
saas,130
system,128
cloud,122
web,111
travel,111
health,109
strategy,105
security,103
content,102
mobile,94
analytics,92
finance,90
crypto,86
leader,83
designer,80
developer,80
code,79
api,73
education,70
backend,68
reliability,68
microsoft,65
healthcare,59
analyst,58
junior,56
investment,56
full-time,53
web3,48
go,46
consulting,46
voice,42
executive,40
recruiting,39
director,37
game,37
banking,35
react,34
test,33
javascript,32
customersupport,32
devops,31
frontend,31
architect,31
fintech,30
consultant,30
coordinator,30
qa,29
legal,29
testing,28
video,27
bank,27
ecommerce,26
recruitment,26
c,26
assistant,25
full-stack,24
embedded,24
medical,23
ux,23
admin,23
ceo,21
java,21
fullstack,20
jira,20
part-time,20
excel,20
hr,19
python,18
cryptocurrency,17
payroll,17
consult,16
ios,13
grafana,13
node,13
speech,12
educational,12
git,12
accounting,12
nosql,12
postgresql,12
3d,11
telecom,11
exec,10
html,10
webdev,10
bitcoin,10
fulltime,10
seo,10
blockchain,10
defi,10
ethereum,10
other,10
shopify,10
infosec,10
virtualassistant,10
dev,10
product,9
angular,9
front-end,9
productdesigner,9
tutor,8
branding,8
django,8
gaming,8
swift,8
serverless,8
back-end,8
recruiter,8
writer,8
docker,8
linguistics,8
salesforce,7
administrator,7
android,7
animator,5
nan,5
ui,5
animation,5
node.js,3
teach,3
scrum,3
